City,State
AAA,AAAA
BEAUFORT,SC
BLUFFTON,SC
BRUNSWICK,GA
CALLAWAY,FL
CRESTVIEW,FL
DESTIN,FL
EGLIN AFB,FL
FORT STEWART,GA
FORT WALTON,FL
GULF BREEZE,FL
GULF SHORES,AL
HARDENVILLE,SC
HILTON HEAD,SC
HINESVILLE,GA
HUNTER AFB,GA
HURLBURT FIELD AFB,FL
KINGS BAY NSA,GA
KINGSLAND,GA
LYNN HAVEN,FL
MOODY AFB,GA
NAVARRE,FL
NICEVILLE,FL
ORANGE BEACH,AL
PACE,FL
PANAMA CITY,FL
PARIS ISLAND,SC
PENSACOLA,FL
POOLER,GA
PORT WENTWORTH,GA
PORT WENTWORTH,GA
RICHMOND HILL,GA
RINCON,GA
SAVANNAH,GA
SKIDAWAY ISLAND,GA
ST SIMON,GA
TALLAHASSEE,FL
THOMASVILLE,GA
TIFTON,GA
TYNDALL AFB,FL
VALDOSTA,GA
WAYCROSS,GA
YULEE,FL
