ProductCode,ProductName,IsActive
0001_UOMEACH,US FOODS INV.,yes
0002_UOMEACH,Big Apple Invoice,yes
0003_UOMEACH,Ramar Foods Inv.,yes
0004_UOMEACH,Kilauea Inv.,yes
0005_UOMEACH,Redondo's Invoice,yes
0006_UOMEACH,Cherry Co. Invoice,yes
0007_UOMEACH,L&C Food Distribution,yes
0008_UOMEACH,Karat Lollicup Inv.,yes
0013_UOMEACH,Tape,yes
2201_UOMCS11,Amberjack (Yellowtail)  11 lbs,yes
2201_UOMLBS,Yellow Tail Loin,no
2202_UOMCS,Albacore Loin 11 lbs/CS,no
2203_UOMCS,Tuna-AA  10#/BX,no
2204_UOMCS22,Tuna-A   (22),yes
2204_UOMLBS,Tuna-A   (22),no
2205_UOMCS22,Tuna- Block  22/CS,no
2205_UOMLBS,Tuna- Block  22/CS,no
2206_UOMCS,Tuna- NTC  AAA  22lbs/CS,no
2207_UOMCS,Albacore 22lbs.,no
2207_UOMCS22,Albacore 22lbs.,no
2207_UOMlb,Albacore 22lbs.,no
2208_UOMCS22,Tuna-NTC    C    (22)/CS,no
2208_UOMLBS,Tuna-NTC    C    (22)/CS,no
2209_UOMCS22,Tuna C-Tatakimi 22lbs,yes
2209_UOMLBS,Tuna C-Tatakimi 22lbs,no
2210_UOMCS,Tuna-Saku Yellow Fin,no
2210_UOMCS22,MSC Tuna A,yes
2211_UOMCS,MSC Albacore 22,yes
2212_UOMCS22,Tuna w/ skin,no
2212_UOMLBS,Tuna w/ skin,no
2213_UOMCS,MSC Tuna Tatakimi 22,no
2216_UOMCS35,Tuna Tray,yes
2216_UOMTRAY,Tuna Tray,no
2220_UOMCS22,Smk Steelhead Loin   (24),no
2220_UOMCS24,Smk Steelhead Loin   (24),no
2220_UOMLBS,Smk Steelhead Loin   (24),no
2224_UOMCS22,Froz Steelhead Fillet   (22),no
2224_UOMCS24,Froz Steelhead Fillet   (22),no
2224_UOMLBS,Froz Steelhead Fillet   (22),no
2228_UOMCS22,Salmon Atl Hann   (22),no
2228_UOMLBS,Salmon Atl Hann   (22),no
2232_UOMCS24,Smoked Atlantic  Salmon   (24),yes
2232_UOMLBS,Smoked Atlantic  Salmon   (24),no
2234_UOMCS22,Atlantic Salmon Bits and Pieces,no
2236_UOMCS22,Atlantic Salmon 22,no
2236_UOMCS24,Atlantic Salmon 22 or 24lbs,no
2236_UOMCS33,Atlantic Salmon 22,no
2236_UOMLBS,Atlantic Salmon (24),no
2237_UOMCS22,ASC Atlantic Salmon,yes
2237_UOMCS33,ASC Atlantic Salmon,no
2238_UOMCS10,Pre Cut Atlantic Salmon 10/CS,no
2240_UOMCS22,Salmon with Skin,yes
2240_UOMCS33,Salmon with Skin,yes
2240_UOMLBS,Salmon with Skin,no
2244_UOMCS,"Salmon Grilled  Coho Roast Fzn  22/CS",yes
2245_UOMLBS,Sockeye Salmon Fil,no
2248_UOMCS10,Tilapia Fillet   10 lbs box,no
2248_UOMCS11,Tilapia Fillet   11 lbs box,no
2248_UOMCS22,Tilapia Fillet   11 lbs box,no
2248_UOMLBS,Tilapia Fillet   11 lbs box,no
2249_UOMCS10,Tilapia Fiflet  10#/CS Tristan,no
2252_UOMCS11,Fresh Water Eel   (11),yes
2252_UOMCS22,Fresh Water Eel   (11),no
2252_UOMLBS,Fresh Water Eel   (11),no
2256_UOMCS16,Fresh Water Eel 20P Tray,no
2256_UOMTRAY,Fresh Water Eel 20P,no
2259_UOMCS24,Unakaba. Imitation Eel 4/24/CS,no
2259_UOMCS96,Unakaba. Imitation Eel 4/24/CS,yes
2260_UOMCS20,Minced Fr Wtr Eel 20PK,no
2260_UOMCS22,Minced Fr Wtr Eel 22PK,no
2260_UOMPK,Minced Fr Wtr Eel 20PK,no
2268_UOMCS12,Baby Octopus 12/2.2 lbs/CS,no
2268_UOMPK,Baby Octopus 12/2.2 lbs/CS,no
2272_UOMCS12,Squid 20P 12tray/CS,no
2272_UOMCS25,Squid 20P 25tray/CS,no
2272_UOMTRAY,Squid 20P 12tray/CS,no
2276_UOMCS12,Octopus 20P 12 tray/CS,no
2276_UOMCS25,Octopus 20P 25tray/CS,no
2276_UOMTRAY,Octopus 20P 12 tray/CS,no
2280_UOMEACH,Shime Saba 15 Pc,no
2406_UOMCS20,Shrimp Tray Vannamei 20tray/CS,yes
2406_UOMTRAY,Shrimp Tray Vannamei 20tray/CS,no
2412_UOMBAG,Shrimp Broken 20bag/CS,no
2412_UOMCS10,Shrimp Broken,no
2412_UOMCS20,Shrimp Broken 20bag/CS,no
2418_UOMCS15,Tempura Shrimp 10Pc 15tray/CS,yes
2418_UOMTRAY,Tempura Shrimp 10Pc 15tray/CS,no
2420_UOMCS,Tempura Shrimp Gluten Free,no
2424_UOMCS,Shrimp Tray Hannaford 30/30pc,no
2430_UOMCS,Shr Tempura Han 100pc/CS,no
2432_UOMCS,Special Tempura/Hot Bowl 10p/16tray/CS,no
2436_UOMBAG,Baby Shrimp 5 lbs 4bag/CS,no
2436_UOMCS4,Baby Shrimp 5 lbs 4bag/CS,yes
2440_UOMCS16,Crab Stick Imi  H.G. CS16,yes
2440_UOMPK,Crab Stick Imi  H.G. CS16,no
2441_UOMCS16,Crab Flake Imi  H.G.CS16,no
2441_UOMPK,Crab Flake Imi  H.G.CS16,no
2442_UOMCS16,AFC Crab Shredded CS16,yes
2442_UOMPK,AFC Crab Shredded CS16,no
2443_UOMCS16,Crab Stick India CS16,no
2443_UOMPK,Crab Stick India CS16,no
2444_UOMCS,Natural Imitation Crab Stick,yes
2448_UOMCS16,Crab Stick Imi USE Item 2440,no
2448_UOMPK,Crab Stick Imi USE Item 2440,no
2450_UOMCS,Crab Stick Tetsujin 22 lbs,no
2451_UOMCS,Imi Crab Flake Kosher,no
2454_UOMCS,Kanikama Osaki,no
2460_UOMCS24,Boiled Crab   (1) 24/CS,no
2460_UOMlb,Boiled Crab   (1),no
2466_UOMCS25,Real Crab   (5) 25lb/CS,yes
2466_UOMCS30,Real Crab   (5) 25lb/CS,no
2466_UOMlb,Real Crab   (5) 25lb/CS,no
2472_UOMCS,Kosh Imit Crab Stick 12/1lbs,yes
2605_UOMCASE,Fried Tofu Cubes 10 x 2.2lbs,yes
2606_UOMBAG,Natural Tempura Crispy 6bag/CS,no
2606_UOMCS6,Natural Tempura Crispy 6bag/CS,yes
2607_UOMBAG,Tem Crispies Gluten Free,no
2612_UOMBOT,Salmonroe  2.2 lbs,no
2618_UOMCS17.6,Fish Roe   (4.4),no
2618_UOMLBS,Fish Roe   (4.4),no
2619_UOMCS4,Fish Roe Masago  4.4 lbs  4/CS,yes
2619_UOMPK,Fish Roe Masago 4.4 lbs  4/CS,no
2624_UOMLBS,Fish Roe   (1.1),no
2625_UOMCS12,Fish Roe 0.44 lbs  30pk/cs,no
2625_UOMCS24,Fish Roe 1.1 lbs  24/CS,no
2625_UOMCS30,"Fish Roe Masago 0.44 lbs  30pk/cs",yes
2625_UOMPK,Fish Roe 1.1 lbs  24/CS,no
2630_UOMCS12,Tobiko Red  12/1.1 lbs/CS,yes
2630_UOMPK,Tobiko Red  12/1.1 lbs/CS,no
2636_UOMCS20,Frozen Spinach,no
2642_UOMCS10,Mushroom  1.1 lbs 10/CS,yes
2642_UOMPK,Mushroom  1.1 lbs 10/CS,no
2648_UOMCS10,Gourd 2.2LB 10/CS,yes
2648_UOMPK,Gourd 2.2LB 10/CS,no
2654_UOMCS6,Carrot 2.2 lbs 6/CS,no
2654_UOMPK,Carrot 2.2 lbs 6/CS,no
2660_UOMBAG,Edamame Beans 10/2lbs,no
2660_UOMCS10,Edamame Beans 10/2lbs,yes
2662_UOMCS,Kosher Edamame,no
2663_UOMCS,Edamame Beans NTC 20/400g,no
2666_UOMCS20,Egg Cake 20/CS,yes
2666_UOMCS5,Egg Cake 20/CS,no
2666_UOMEACH,Egg Cake 20/CS,no
2672_UOMCS12,Seabreeze Salad  12/2.2 LBS/CS,no
2672_UOMCS24,Seabreeze Salad  24/1.1  LBS/CS,yes
2672_UOMCS6,Seabreeze Salad 4.4LB,no
2672_UOMEACH,Seabreeze Salad  12/2.2 LBS/CS,no
2673_UOMPK,Nat. Seaweed Salad 4/4.4lbs,no
2678_UOMCS12,Calamari Salad  12/2.2 lbs/CS,no
2678_UOMCS24,Calamari Salad  24/1.1 lbs/CS,yes
2678_UOMCS6,Calamari Salad 4.4 lbs,no
2678_UOMEACH,Calamari Salad  12/2.2 lbs/CS,no
2679_UOMPK,Nat Calamari salad 4/4.4lbs,no
2680_UOMCS,Ebiyaki,no
2681_UOMCS,Okonomiyaki Vegetable,no
2682_UOMCASE,AFC Fusion Spicy Sauce,no
27_UOMEACH,PALLET,no
2805_UOMBAG,Grilled Chicken 2/5lb/CS,no
2805_UOMCS2,Grilled Chicken 2/5lb/CS,yes
2810_UOMCS30,Grilled Dumpling Shrimp 30/CS,yes
2815_UOMCS30,Gril Dumpling  Vegetable 30bag/CS,no
2816_UOMCS,Chicken Gyoza  Siracha (RED) 10/49pc,no
2817_UOMCS,Chicken Gyoza Mushroom (ORANGE) 10/49pc,no
2818_UOMCS,Chicken Gyoza  Leek (WHITE) 10/49pc,no
2819_UOMCS,Pre Fried Spring Roll,yes
2820_UOMCS,Shumai 104P/CS,no
2821_UOMCS,Pork Shumai 108pc/CS,yes
2822_UOMCS,AFC Sukiyaki Beef 12/1lbs,yes
2824_UOMCS,Chicken Katsu 30lb/CS,no
2825_UOMCS,#1 Sliced Beef 6/4.4lbs,no
2826_UOMCS,Asian BBQ Beef 30#,yes
2827_UOMCS,Yakiniku  Beef  10/2.2lb,no
2828_UOMCS4,Diced Pastrami  4BAG/CS,no
2829_UOMCS,Japanese Meatball 10pk/cs,no
2830_UOMBAG,#2 Chicken Karaage 4x5 lbs,no
2830_UOMCS4,#2 Chicken Karaage 4x5 lbs,no
2831_UOMCS,Crispy Chicken (Karaage) 30#/CS,yes
2835_UOMBAG,#3 Teriyaki Chicken 5x5.28 lbs bag,no
2835_UOMCS5,#3 Teriyaki Chicken 5x5.28 lbs bag,no
2836_UOMCS,#3 Teriyaki Chicken OH,yes
2837_UOMCS,Chicken Skewers (Yakitori) 20bags/cs,no
2840_UOMCS,#6 Chicken Breast 10 lbs/CS,yes
2841_UOMCS,Fzn BBQ Pork Baos 50pc/CS,no
2842_UOMCS,Hokki Fry 2/60pc,no
2843_UOMCS,Pork Chashu  8LBS/CS,yes
2843_UOMCS22,Pork Chashu  22LBS/CS,no
2843_UOMCS8,Pork Chashu  8LBS/CS8,no
2843_UOMlb,Pork Chashu  22LBS/CS,no
2844_UOMCS30,Scalop 6/5lbs,no
2845_UOMCS,UDON. SANUKI 8/2.75lbs,yes
2846_UOMCASE,Chicken Chashu w/Soy 20/1lbs,no
2847_UOMCASE,AFC Tonkotsu Ramen  w/Vegetables  50pc/6oz,no
2850_UOMCS,SOBA. FROZEN,no
2855_UOMCS,Yakisoba. JSL  Fzn Noodles 5/4lbs,yes
2857_UOMCS,#2  Fzn Yakisoba Noodle  MC Wavw 10/2.2lbs Otafuku,no
2860_UOMCS,Chow Mein. JSL Baked. Frozen 8/3lbs,no
2861_UOMCS,Fzn Ramen Noodles. MTC 40pc,yes
2862_UOMCS,Ramen Yamachan 40pc/cs,no
2863_UOMCS,Frozen Cooked  Ramen  Noodles 5/8/200g,no
2865_UOMCS20,INARI PACK 30 pc 20/CS,yes
2865_UOMPACK,INARI PACK 30 pc 20/CS,no
2870_UOMCS10,Natural Inari 10/60pc,yes
2870_UOMPK,Natural Inari 10/60pc,no
2875_UOMBOT,Classic Yummy Sauce 4/Gal/CS,no
2875_UOMCS4,Classic Yummy Sauce 4/Gal/CS,no
2876_UOMCS10,Yuzu Sauce 10/per Cs,yes
2877_UOMCS,VEGETABLE CURRY CS50,no
2880_UOMBOT,Basic Sauce,no
2880_UOMCS4,Basic Sauce,no
2884_UOMCS4,Fzn Veg. Curry Concentrate,no
2884_UOMEACH,Fzn Veg. Curry Concentrate,no
2885_UOMCS12,Fzn AFC Goma Sesame Dressing 12/kg Otafu,no
2885_UOMPK,Fzn AFC Sesame Sauce 12/kg Otafuku,no
2886_UOMCS,Tempura Pumpkin,no
2887_UOMCS,Tempura String Beans,no
2888_UOMCS,Fzn Yasai Mix Veg.,no
2889_UOMCS,Ebi Fry  (Fried Shrimp) 100pc/CS,no
2890_UOMCS,HK Style BBQ Pork 16/0.8lbs,no
2905_UOMCS,Nama Ramen Frozen  5/8/200g,no
2915_UOMCS,Yakiniku  Beef  10/2.2lb,no
2920_UOMlb,Pork Chashu  LBS,no
2925_UOMCS12,Fzn AFC Sesame Sauce 12/kg Otafuku,no
2925_UOMPK,Fzn AFC Sesame Sauce 12/kg Otafuku,no
2930_UOMCS,Fzn  Yakisoba w/sauce 10/2.2lbs Otafuku,no
2999_UOMCS,Waygu,no
3205_UOMEACH,Ginger A 20LB,yes
3210_UOMEACH,Ginger B 20LB,yes
3215_UOMCS16,Wasabi 2.2lb,yes
3215_UOMPK,Wasabi 2.2lb,yes
3216_UOMCS6,Curry Sauce  Canned 6/6.4lbs,no
3216_UOMEACH,Curry Sauce  Canned 6/6.4lbs,no
3219_UOMCS,Toasted Dry Seaweed 40pks,no
3220_UOMBAG,Seaweed Nori 100SH,yes
3220_UOMCS40,Seaweed Nori 100SH,yes
3225_UOMCS,To Go Soy Sauce 500PC,no
3235_UOMCS,Soy Sauce L/S 1000 pc,yes
3236_UOMCS,Wild Blue Soy Sauce L/S 1000 pc,yes
3238_UOMCS,Soy Sauce Packet  (Hello Kitty) CS,no
3240_UOMCS,Soy Sauce Special IZU,no
3243_UOMCS,Soy Sauce Gluten Free 200pc,no
3245_UOMBAG,PREMIUM RICE 40 lbs,yes
3246_UOMBAG,AFC Brown Rice,yes
3247_UOMBAG,Brown Rice. Mitsuhikari 10 kg,no
3250_UOMBAG,Brown Rice 50 lbs,no
3253_UOMBAG,SPECIAL Military Brown Rice,yes
3254_UOMBAG,Black Glutinous Rice  10x5lbs,no
3254_UOMCS,Black Glutinous Rice  10x5lbs,no
3255_UOMEACH,Quinoa. Red 25lbs,no
3256_UOMCS,Vineger H-100 Natural 5.28gal,yes
3257_UOMCS,Rice Mix Takikomi Gomoku,no
3260_UOMEACH,Fish Powder 1LB,no
3265_UOMBAG,Sesame Seeds 5LB,yes
3265_UOMCS8,Sesame Seeds 5LB,yes
3270_UOMBOT,Sesame Seed Blk 8oz,yes
3270_UOMCS12,Sesame Seed Blk 8oz,yes
3275_UOMCS12,S. Bonito Small,no
3275_UOMEACH,S. Bonito Small,no
3280_UOMCS10,Tapioca (Spring Roll Wrap) Paper 50pc,yes
3280_UOMEACH,Tapioca (Spring Roll Wrap) Paper 50pc,yes
3285_UOMPK,Gluten Free Fried Onion,no
3289_UOMCS15,Fried Onion,no
3289_UOMEACH,Fried Onion,no
3290_UOMCS10,Fried Onions 10/1kg,yes
3290_UOMEACH,Fried Onions 10/1kg,no
3293_UOMPACK,Nori Komi,no
3299_UOMEACH,Seaweed Salad Mix. Dry 2/12/50g,no
3308_UOMCS,To Go Soy L/S 1000pc Canada,no
3310_UOMCS,Soy Sauce Gluten Free 200pc,no
3403_UOMBOT,Kikk Sushi Sauce  0.5 gal,no
3403_UOMCS6,Kikk Sushi Sauce  0.5 gal,no
3404_UOMBOT,Kikko Sushi Sauce 1 gal,no
3404_UOMCS4,Kikko Sushi Sauce 1 gal,yes
3406_UOMCS,Kik Ponzu Sauce 500pc,yes
3409_UOMBOT,Wasabi Sauce 0.5G,yes
3409_UOMCS6,Wasabi Sauce 0.5G,yes
3412_UOMBOT,Premium Spicy Sauce 0.5G,yes
3412_UOMCS6,Premium Spicy Sauce 0.5G,yes
3415_UOMBOT,Hot Garlic Sauce,yes
3415_UOMCS4,Hot Garlic Sauce,yes
3418_UOMCS,SW Chili SA 200,yes
3419_UOMCS,Chili Oil for Sushi,no
3419_UOMCS40,Chili Oil for Sushi,no
3419_UOMPK,Chili Oil for Sushi,no
3420_UOMCS,Chili Oil for Hot Food,yes
3420_UOMCS40,Chili Oil for Hot Food,no
3420_UOMPK,Chili Oil for Hot Food,no
3421_UOMCS,Hoisin Sauce 200,no
3424_UOMBOT,Spicy Sesame Oil,yes
3424_UOMCS6,Spicy Sesame Oil,yes
3427_UOMBOT,Siracha L 28oz,yes
3427_UOMCS12,Siracha L 28oz,yes
3429_UOMBOT,Katsu Sauce 6/cs,no
3429_UOMCS6,Katsu Sauce 6/cs,no
3430_UOMCS,AFC Basic Sauce,yes
3431_UOMCS,AFC BBQ Sauce,no
3432_UOMCS,Chicken Bouillon Powder,no
3433_UOMBOT,Ginger Sauce 58oz,no
3433_UOMCS,AFC Orange Sauce,yes
3434_UOMCS,AFC Peking Sauce,no
3435_UOMCS,AFC Sesame Sauce,yes
3436_UOMBOT,Chili Sf Sauce 56 oz,no
3436_UOMCS,AFC Stir Fry Sauce,yes
3437_UOMBOT,Sweet & Sour Sauce,no
3437_UOMCS,Sweet & Sour Sauce,no
3437_UOMCS4,Sweet & Sour Sauce,yes
3438_UOMBOT,AFC Yakiniku Sauce,no
3438_UOMCS,AFC Yakiniku Sauce,no
3438_UOMCS4,AFC Yakiniku Sauce,yes
3439_UOMCS,Micro Noodle Bowl 38oz,yes
3440_UOMEACH,Mushroom Bouillon Powder,no
3443_UOMBAG,Classic Teriyaki Sauce 12 bag,no
3443_UOMCS12,Classic Teriyaki Sauce 12 bag,yes
3444_UOMBAG,Sweet & Sour Bag 12 bag,no
3444_UOMCS12,Sweet & Sour Bag 12 bag,no
3445_UOMCS,AFC Sweet & Spicy Dipping Sauce,yes
3446_UOMCASE,AFC Fusion Spicy Sauce,no
3447_UOMCASE,AFC Spicy Bomb Sauce,yes
3448_UOMBOT,Yakisoba Sauce,yes
3448_UOMCS6,Yakisoba Sauce,yes
3450_UOMBOT,Basic Sauce,no
3450_UOMCS4,Basic Sauce,no
3451_UOMBOT,Okonomi  Sauce,no
3451_UOMCS6,Okonomi  Sauce,no
3454_UOMBOT,NEW YAKINIKU SAUCE 1 GAL,no
3454_UOMCS4,NEW YAKINIKU SAUCE 1 GAL,no
3460_UOMBOT,Creamy Sesame Dressing,no
3463_UOMBOT,Men Tsuyu  (Soup Base) 12/16oz,no
3463_UOMCS12,Men Tsuyu  (Soup Base) 12/16oz,yes
3466_UOMBOT,SESAME SAUCE,no
3466_UOMCS,Creamy Sesame Dressing 6/32oz,yes
3467_UOMBAG,Sesame Sauce 15/2lb,no
3467_UOMBOT,Creamy Sesame Dressing CS12,no
3467_UOMCS12,Creamy Sesame Dressing CS12,no
3467_UOMCS15,Sesame Sauce 15/2lb,no
3468_UOMCS,Chinese Style Sesame Dressing,yes
3468_UOMCS6,Chinese Style Sesame Dressing,no
3469_UOMBOT,ORANGE SAUCE Bot.4 Gal/CS,no
3470_UOMBAG,Orange Sauce 15/2lbs,no
3470_UOMCS15,Orange Sauce 15/2lbs,no
3475_UOMBOT,PEKING SAUCE,no
3485_UOMBOT,Miso Ramen Soup 6/2kg,yes
3485_UOMCS6,Miso Ramen Soup 6/2kg,yes
3490_UOMCS12,AFC Poke Sauce 12/720g Otafuku,no
3490_UOMPK,AFC Poke Sauce 12/720g Otafuku,no
3491_UOMCS,Premium AFC Poke Sauce 8/720g,yes
3492_UOMPK,Premium AFC Poke Sauce PK,no
3604_UOMCS12,Retail Pickeled Ginger Calif Cup,yes
3605_UOMBOT,Sushi Gari BOT,no
3605_UOMCS12,Sushi Gari BOT,yes
3606_UOMCS,Sushi Gari Canada,no
3610_UOMBOT,R Sesame 4oz,no
3610_UOMCS12,R Sesame 4oz,yes
3615_UOMCS20,Grated Wasabi,yes
3615_UOMEACH,Grated Wasabi,no
3620_UOMBOT,Wasabi Dressing 12,no
3620_UOMCS12,Wasabi Dressing 12,no
3625_UOMBOT,Ginger Dressing,no
3625_UOMCS12,Ginger Dressing,no
3630_UOMBOT,Wasabi Sauce,no
3630_UOMCS12,Wasabi Sauce,no
3635_UOMCS,Retail Sushi Seaweed 50pk,yes
3635_UOMCS2,Ntl Seaweed 50 pack,no
3635_UOMPACK,Ntl Seaweed 50 pack,no
3637_UOMCASE,Calpico Original,no
3638_UOMCASE,Calpico Strawberry,no
3639_UOMCASE,Calpico Mango,no
3640_UOMCS,Green Tea  24 Can,yes
3642_UOMCS,Green Tea Can  (Hello Kitty) CS,no
3647_UOMBOT,Soy Sauce Bottle,no
3647_UOMCS12,Soy Sauce Bottle,no
3647_UOMCS24,Soy Sauce Bottle,yes
3648_UOMCS,Soy Sauce Hello Kitty,no
3648_UOMCS24,Soy Sauce Bottle 24 cs,yes
3650_UOMBOT,S Vineger,no
3650_UOMCS12,S Vineger,no
3655_UOMCS,Tofu Miso 24,yes
3660_UOMCS,Miso Soup 24,yes
3665_UOMEACH,Sushi Kit New,no
3803_UOMPK,Takuwan 400G,no
3804_UOMCS,Sesame Soy Wrapper 20/10pk,yes
3805_UOMCS,Yellow Soy Wrapper 20/10pks,yes
3806_UOMCS,Quick Miso PK,no
3806_UOMPACK,Green Apple Origami Wrap 50pc/CS,no
3807_UOMPACK,Tomato Origami Wraps 50pc/CS,no
3808_UOMPACK,Mango Chipotle Origami Wraps 50pk/cs,yes
3809_UOMCS24,Color Soy Wrap,yes
3809_UOMPK,Color Soy Wrap,yes
3810_UOMCS,Soy Wrap Nori White,no
3811_UOMEACH,Furikake Nori Rice mix,no
3812_UOMCS12,Old Bay Season,no
3812_UOMEACH,Old Bay Season,no
3818_UOMEACH,Wheat Grain 44lb,no
3820_UOMEACH,Kosher Ginger,no
3825_UOMEACH,Kosher Wasabi 1KG,yes
3830_UOMCS,Kosher Nori 12/30sh,yes
3835_UOMCS,Kosher Soy,no
3840_UOMEACH,Natural Ginger 20LB,yes
3850_UOMBAG,Natural Wasabi 2.2LB,yes
3850_UOMCS16,Natural Wasabi 2.2LB,yes
3860_UOMCS,Natural Vin Orange 5.28gal,yes
3870_UOMBAG,Beet Root Chips,yes
3871_UOMBAG,Okra Chips,yes
3874_UOMEACH,DSD-AV Treha,no
3878_UOMEACH,DSD-B Soya Mix,no
3882_UOMEACH,DSD-C Suihan,no
3886_UOMEACH,DSD-D Soy Oil,no
3999_UOMBOT,Vegetarian Oyster Sauce,no
4192_UOMCS,Yamachan Ramen 40/CS,yes
4777_UOMCS16,CH-82 Fold Tray,no
4777_UOMPK,CH-82 Fold Tray,no
4998_UOMPK,16 oz MIC Bowl Set 50 pcs,no
5110_UOMCS16,FET 1.0 Eco Tray Body,yes
5110_UOMCS8,FET 1.0 Eco Tray Body 100pc,yes
5110_UOMPK,FET 1.0 Eco Tray Body 100pc,yes
5111_UOMCS16,FET 1.0 Eco Tray Lid 50pc,yes
5111_UOMCS8,FET 1.0 Eco Tray Lid 100pc,yes
5111_UOMPK,FET 1.0 Eco Tray Lid 50pc,yes
5115_UOMCS16,FET  1.5 Eco Tray Body,yes
5115_UOMCS8,FET  1.5 Eco Tray Body 100pc,yes
5115_UOMPK,FET  1.5 Eco Tray Body 100pc,yes
5116_UOMCS16,FET-1.5 Eco Tray Lid 50pc,yes
5116_UOMCS8,FET-1.5 Eco Tray Lid 100pc,yes
5116_UOMPK,FET-1.5 Eco Tray Lid 50pc,yes
5125_UOMCS20,AFC H1 Heart Cont Body 20 PC,yes
5125_UOMCS40,AFC H1 Heart Cont Body 10pc,no
5125_UOMPK,AFC H1 Heart Cont Body 20 PC,yes
5130_UOMCS20,AFC H1 Heart Lid 20 PC,yes
5130_UOMCS40,AFC H1 Heart Lid 20 PC,no
5130_UOMPK,AFC H1 Heart Lid 20 PC,yes
5135_UOMCS12,AFC-D1 Poke  Bowl Body 50pc PK,no
5135_UOMPK,AFC-D1 Poke  Bowl Body 50pc PK,no
5140_UOMCS12,AFC-D1 Poke Bowl Lid 50pc PK,no
5140_UOMPK,AFC-D1 Poke Bowl Lid 50pc PK,no
5145_UOMCS24,AFC-16 Clear Body,yes
5145_UOMPK,AFC-16 Clear Body,yes
5150_UOMCS24,AFC-16 Lid  Pack,yes
5150_UOMPK,AFC-16 Lid  Pack,yes
5155_UOMCS24,AFC-4 Blue Body Pack,yes
5155_UOMPK,AFC-4 Blue Body Pack,yes
5155A_UOMCS,R1.0 (AFC-4) Blue Set CS 8/50pc/CS,yes
5155B_UOMPK,R1.0 (AFC-4) Blue Set PK,yes
5156_UOMCS24,AFC-4 Clear Body,no
5156_UOMPK,AFC-4 Clear Body,no
5160_UOMCS24,AFC-4 Lid  Pack,yes
5160_UOMPK,AFC-4 Lid  Pack,yes
5165_UOMCS24,AFC-5 Blue Body Pack,yes
5165_UOMPK,AFC-5 Blue Body Pack,yes
5166_UOMCS24,AFC-5 Clear Body,no
5166_UOMPK,AFC-5 Clear Body,no
5170_UOMCS24,AFC-5 Lid Pack,yes
5170_UOMPK,AFC-5 Lid Pack,yes
5175_UOMCS16,AFC-20 Blue Body Pack,yes
5175_UOMPK,AFC-20 Blue Body Pack,yes
5175A_UOMCS,SK-20 Blue Set CS 6/50pc/set cs,yes
5175B_UOMPK,SK-20 (AFC-20) Set PK,yes
5175S_UOMCS16,AFC-20 Sakura Body 16/50pc,yes
5175S_UOMPK,AFC-20 Sakura Body 16/50pc,yes
5176_UOMCS16,AFC-20 Clear Body,yes
5176_UOMPK,AFC-20 Clear Body,yes
5180_UOMCS16,AFC-20 Lid  Pack,yes
5180_UOMPK,AFC-20 Lid  Pack,yes
5181_UOMCS16,AFC-20 Compostable Body,yes
5181_UOMPK,AFC-20 Compostable Body,yes
5182_UOMCS16,AFC-20 Compostable Lid,yes
5182_UOMPK,AFC-20 Compostable Lid,yes
5185_UOMCS16,AFC-30 Blue Body Pack,yes
5185_UOMPK,AFC-30 Blue Body Pack,yes
5185A_UOMCS,SK-30 Blue Set Cs 6/50pc/set cs,yes
5185B_UOMPK,SK-30 (AFC-30) Set PK,yes
5185S_UOMCS16,AFC-30 Sakura Body 16/50pc/cs,yes
5185S_UOMPK,AFC-30 Sakura Body 16/50pc/cs,yes
5186_UOMCS16,AFC-30 Clear Body,yes
5186_UOMPK,AFC-30 Clear Body,yes
5190_UOMCS16,AFC-30 Lid Pack,yes
5190_UOMPK,AFC-30 Lid Pack,yes
5191_UOMCS16,AFC-30 Compostable Body,yes
5191_UOMPK,AFC-30 Compostable Body,yes
5192_UOMCS16,AFC-30 Compostable Lid,yes
5192_UOMPK,AFC-30 Compostable Lid,yes
5195_UOMCS16,AFC-40 Blue Body Pack,yes
5195_UOMPK,AFC-40 Blue Body Pack,yes
5195A_UOMCS,SK-40 Blue Set CS 6/50pc/set/CS,yes
5195B_UOMPK,SK-40 (AFC-40) Set PK,yes
5195S_UOMCS16,AFC-40 Sakura Body 16/50pc/cs,yes
5195S_UOMPK,AFC-40 Sakura Body 16/50pc/cs,yes
5196_UOMCS16,AFC-40 Clear Body,yes
5196_UOMPK,AFC-40 Clear Body,yes
5199_UOMCS16,AFC-40 Lid Pack,yes
5199_UOMPK,AFC-40 Lid Pack,yes
5200_UOMCS16,ST-201 Manyo Body,no
5200_UOMPK,ST-201 Manyo Body,no
5201_UOMCS16,AFC-40 Compostable Body,yes
5201_UOMPK,AFC-40 Compostable Body,yes
5202_UOMCS16,AFC-40 Compostable Lid,yes
5202_UOMPK,AFC-40 Compostable Lid,yes
5203_UOMCS24,CV-11B Body (BF-18),no
5203_UOMPK,CV-11B Body (BF-18),no
5204_UOMCS24,CV-11F Lid  (BF-18),no
5204_UOMPK,CV-11F Lid  (BF-18),no
5205_UOMCS16,ST-201 Blue Body,yes
5205_UOMPK,ST-201 Blue Body,yes
5210_UOMCS16,ST-201 Lid Pk,yes
5210_UOMPK,ST-201 Lid Pk,yes
5215_UOMCS16,ST-202 Blue Body Pack,no
5215_UOMPK,ST-202 Blue Body Pack,no
5220_UOMCS16,ST-202 Lid  PACK,yes
5220_UOMPK,ST-202 Lid  PACK,yes
5225_UOMCS16,ST-218 MANYO BODY,yes
5225_UOMPK,ST-218 MANYO BODY,yes
5230_UOMCS16,ST-218 Blue Body Pk,no
5230_UOMPK,ST-218 Blue Body Pk,no
5235_UOMCS16,ST-218 LID  PACK,no
5235_UOMCS8,ST-218 TOP PACK,no
5235_UOMPK,ST-218 LID  PACK,no
5240_UOMCS16,ST-202 Manyo Body,yes
5240_UOMPK,ST-202 Manyo Body,yes
5245_UOMCS24,ST-4 Blue BD 50,no
5245_UOMPK,ST-4 Blue BD 50,no
5251_UOMCS24,ST-4 Lid Pack  50,yes
5251_UOMPK,ST-4 Lid Pack  50,yes
5255_UOMCS24,ST-4 Manyo Body,yes
5255_UOMPK,ST-4 Manyo Body,yes
5260_UOMCS24,ST4 Asuka BD 50,no
5260_UOMPK,ST4 Asuka BD 50,no
5265_UOMCS24,ST-5 Blue BD 50,no
5265_UOMPK,ST-5 Blue BD 50,no
5270_UOMCS24,ST-5 Lid Pack 50,no
5270_UOMPK,ST-5 Lid Pack 50,no
5276_UOMCS24,ST-5 Manyo Body,yes
5276_UOMPK,ST-5 Manyo Body,yes
5277_UOMCS,MH-30 Sushi Tray 300 Set,no
5277_UOMSET,MH-30 Sushi Tray 300 Set,no
5278_UOMCS,MH-40 Sushi Tray 300 Set,no
5278_UOMSET,MH-40 Sushi Tray 300 Set,no
5279_UOMCS,,no
5279_UOMSET,MH-35 Sushi Tray 300Set/CS,no
5280_UOMCS24,ST5 Asuka BD 50,no
5280_UOMPK,ST5 Asuka BD 50,no
5280_UOMSET,"MH-10 (B-011) (AFC-4) 50pc/pk",no
5281_UOMSET,MH-15  (AFC-5)  100pc/pk,yes
5282_UOMSET,SU-CS-75 100pc/set (AFC4),no
5283_UOMSET,JFC -18 Tray Set,no
5284_UOMSET,MH-06 (20)  Tray Set,yes
5285_UOMEACH,Produce Bag,no
5286_UOMSET,MH-50  (40) Clear Tray Set,no
5287_UOMCS4,TTM 24oz Bottom 100pc/pk(AFC4),no
5287_UOMPK,TTM 24oz Bottom 100pc/pk(AFC4),no
5288_UOMCS4,TTM 24 oz Lid 100pc/pk (AFC4),yes
5288_UOMPK,TTM 24 oz Lid 100pc/pk (AFC4),no
5288_UOMPK,TTM 24 oz Lid 100pc/pk (AFC4),no
5289_UOMCS6,53205 Body 100pc/pk (AFC 30),no
5289_UOMPK,53205 Body 100pc/pk (AFC 30),no
5290_UOMCS6,53205L-1 Lid 100pc/pk (AFC30),yes
5290_UOMCS8,53205L-1 Lid 100pc/pk (AFC4),no
5290_UOMPK,53205L-1 Lid 100pc/pk (AFC4),no
5300_UOMCS,32oz Bowl 300pc. Sabert,yes
5301_UOMCS,32oz Bowl Lid 300pc. Sabert,yes
5302_UOMCS,32oz Bowl 150pc.Anchor 150pc,yes
5303_UOMCS,32oz Bowl Lid. 150pc. Anchor 150pc,yes
5305_UOMCS,BO-SC-U24 Bowl 24oz 500pc WC,yes
5306_UOMCS,BOL-CS-24 Bowl Lid 24oz 300pc WC,yes
5307_UOMCS,BG-ST-4 Compostable Body 800pc,yes
5308_UOMCS,BG-ST-4 Compostable Lid 800pc,yes
5309_UOMCS,32oz Bowl Body Stalk L014 500pc,yes
5310_UOMCS,32oz Lid Table ware DL32 200pc,yes
5311_UOMCS,24oz Bowl BG-BO24R1 500pc,yes
5312_UOMCS,24oz Lid BG-Bo24 PL 500pc,yes
5313_UOMCS,White Diamond Ramen Bowl,yes
5314_UOMCS,EP-SH2 5X7 BLK SUSHI TRAY 600PC,yes
5315_UOMCS,EP-SH3 6X9 BLK SUSHI TRAY 600PC,yes
5316_UOMCS,Anchor M612 Base,yes
5317_UOMCS,Anchor LH600 Lid,yes
5318_UOMCS,Anchor M424-B Base,no
5319_UOMCS,Anchor LH4LD-NB Lid,no
5320_UOMCS,Don-S Bowl 50pcs/16pks,yes
5321_UOMCS,Don-S Lid 50pcs/16pks,yes
5322_UOMPK,Sabert D300 Base 100pc/pk (AFC 5),no
5323_UOMPK,Sabert D300 Lid 50pc/pk (AFC 5),no
5324_UOMCS,Sabert B300N Base HT 300pc/cs,yes
5325_UOMCS,Sabert B300N Lid HT300pc/cs,yes
5334_UOMEACH,SOUP WARMER,no
54_UOMCS,Pesca Rich Tuna 22#,no
5404_UOMCS24,BF-16 Top 50pc,no
5404_UOMPK,BF-16 Top 50pc,no
5408_UOMCS24,BF-16 Body 50pc,no
5408_UOMPK,BF-16 Body 50pc,no
5410_UOMCS24,BF-18 Salad Cont Body50pc/24/CS,yes
5410_UOMPK,BF-18 Salad Cont Body50pc/24/CS,yes
5411_UOMCS24,BF-18 Salad Tray Lid 50pc/24/cs,yes
5411_UOMPK,BF-18 Salad Tray Lid 50pc/24/cs,yes
5412_UOMCS24,AFC-18 White Body,yes
5412_UOMPK,AFC-18 White Body,yes
5416_UOMCS24,AFC-18 Lid  50 pcs,yes
5416_UOMPK,AFC-18 Lid  50 pcs,yes
5420_UOMCS16,BF-20 Body 50 pcs,no
5420_UOMPK,BF-20 Body 50 pcs,no
5424_UOMCS16,BF-20 Top 50 pcs,no
5424_UOMPK,BF-20 Top 50 pcs,no
5428_UOMCS16,BF-30 Kaku Body 50 pcs,no
5428_UOMPK,BF-30 Kaku Body 50 pcs,no
5432_UOMCS16,BF-30 Kaku Top 50 pcs,no
5432_UOMPK,BF-30 Kaku Top 50 pcs,no
5436_UOMCS8,BF-40 Kaku Body 50 pcs,no
5436_UOMPK,BF-40 Kaku Body 50 pcs,no
5440_UOMCS8,BF-40 Kaku Top 50 pcs,no
5440_UOMPK,BF-40 Kaku Top 50 pcs,no
5460_UOMCASE,CS08 200 pk BF-16,no
5462_UOMCASE,CS16S 200 pk BF18,no
5464_UOMCASE,CS24 200 pk BF20,no
5468_UOMCASE,CS32 200 pk BF30,no
5475_UOMPK,KL Hana-310,yes
5480_UOMPK,KL Hana-325,no
5481_UOMPK,B&H 16 Bowl Body Pack,yes
5482_UOMPK,B&H 16 Bowl Lid Pack,yes
5483_UOMPK,B&H 16 Bowl Middle,yes
55_UOMCS,PR TUNA10# 02/06/19,no
5601_UOMCS6,AFC-40 Large B (Body) 50pc,no
5601_UOMPK,AFC-40 Large B (Body) 50pc,no
5602_UOMCS6,AFC-40 Large Lid  50pc,no
5602_UOMPK,AFC-40 Large Lid  50pc,no
5603_UOMCS20,AFC-40L  MW Inner 50pc x 20pk,yes
5603_UOMPK,AFC-40L  MW Inner 50pc x 20pk,yes
5604_UOMCS48,AFC-40S MW INNER 50pc x 48,yes
5604_UOMPK,AFC-40S MW INNER 50pc x 48,yes
5605_UOMCS18,SF-235 Shachi (SF-2),yes
5605_UOMCS6,AFC-235 Party Tray Body 50pc/PK,yes
5605_UOMPK,AFC-235 Party Tray Body 50pc/PK,yes
5610_UOMCS18,SF-235 Lid  Pack 20 pc,yes
5610_UOMCS6,AFC-235 Party Ty Lid 50pc/PK,yes
5610_UOMPK,AFC-235 Party Ty Lid 50pc/PK,yes
5611_UOMPK,AFC-235 Party Tray Body 16/50pc,no
5612_UOMPK,AFC-235 Party Tray Lid 6/50pc,no
5615_UOMCS32,SF-275(SF-3) Asaoke body,no
5615_UOMPK,SF-275(SF-3) Asaoke body,no
5616 _UOMPK,AFC-275 Party Tray Body 6/50pc,Yes
5616_UOMCS6,AFC-275 Party Tray Body 6/50pc,Yes
5616_UOMPK,AFC-275 Party Tray Body 6/50pc,yes
5617_ UOMPK,AFC-275 Party Tray Lid 6/50pc,Yes
5617_UOMCS6,AFC-275 Party Tray Lid 6/50pc,Yes
5617_UOMPK,AFC-275 Party Tray Lid 6/50pc,yes
5620_UOMCS32,SF-275 (SF-3) Shachi Lid,no
5620_UOMPK,SF-275 (SF-3) Shachi Lid,no
5625_UOMCS16,SF-355 Body (SF-5),yes
5625_UOMPK,SF-355 Body (SF-5),yes
5630_UOMCS16,SF-355 Lid  Pack SF-5,yes
5630_UOMPK,SF-355 Lid  Pack SF-5,yes
5635_UOMCS6,SF-7 Oke Body,yes
5635_UOMPK,SF-7 Oke Body,yes
5640_UOMCS6,SF-7 Lid  Pack 10pc,yes
5640_UOMPK,SF-7 Lid  Pack 10pc,yes
5641_UOMCS4,Party Tray Top&Body  (Hello Kitty) 30pc PK,no
5641_UOMPK,Party Tray Top&Body  (Hello Kitty) 30pc PK,no
5645_UOMCS12,SF-55 White Bowl Body 50pc,yes
5645_UOMPK,SF-55 White Bowl Body 50pc,yes
5646_UOMCS12,SF-55 Bowl Lid 50pc,yes
5646_UOMPK,SF-55 Bowl Lid 50pc,yes
5647_UOMCS12,SF-55 Inner 200pc/12pk,yes
5647_UOMPK,SF-55 Inner 200pc/12pk,yes
5648_UOMCS,TO-NB24 150sets/cs (SF55),yes
5650_UOMPK,SF-16 Top 50,no
5651_UOMCS16,DB-13 Bowl Body 50 pcs,no
5651_UOMPK,DB-13 Bowl Body 50 pcs,no
5652_UOMCS16,DB-13 Bowl Lid  50 pcs,no
5652_UOMPK,DB-13 Bowl Lid  50 pcs,no
5653_UOMCS6,Donburi Bowl Set DB-103,yes
5653_UOMPK,Donburi Bowl Set,no
5653_UOMSET,Donburi Bowl Set DB-103,yes
5657_UOMCS12,Heart Cont Body 30pc,no
5657_UOMCS6,Heart Cont Body 90pc,no
5657_UOMPK,Heart Cont Body 30pc,no
5659_UOMCS12,Heart Cont Lid 30pc,no
5659_UOMCS6,Heart Cont Lid 90pc,no
5659_UOMPK,Heart Cont Lid 30pc,no
5660_UOMCS,Sushi Cake Tray 100pc/cs,no
5661_UOMCS,Foodball Tray  25/cs,no
5661_UOMCS50,Football Tray  Each 50 pc,no
5661_UOMEACH,Foodball Tray  Each pc,no
5670_UOMCS8,AFC-355 Sakura Body Pty Tray 8/10pc/cs,yes
5670_UOMPK,AFC-355 Sakura Body Pty Tray 8/10pc/cs,yes
5671_UOMCS8,AFC-355 Sakura Lid  8/10pc/cs,yes
5671_UOMPK,AFC-355 Sakura Lid  8/10pc/cs,yes
5680_UOMCS6,AFC-7 Sakura Body 6/10pc/cs,yes
5680_UOMPK,AFC-7 Sakura Body 6/10pc/cs,yes
5681_UOMCS6,AFC-7 Sakura Lid 6/10pc/cs,yes
5681_UOMPK,AFC-7 Sakura Lid 6/10pc/cs,yes
5752_UOMCS,White Micro Bowls 36 oz,yes
5805_UOMCASE,PLA ST-4 Cont. Set 400pc,yes
5810_UOMCASE,CT 15 400 pcs Set,yes
5810_UOMCS,ECO 1.5 Compostable Lid,yes
5810_UOMPK,Eco 1.5 Compostable Lid,yes
5811_UOMCS,ECO 1.5 Compostable Tray,yes
5812_UOMCS,EG 2.0 Compostable Lid,no
5813_UOMCS,EG 2.0 Compostable Base,no
5815_UOMCS,Solia 5 oz Clear Cup 100 pc,yes
5816_UOMCS8,BF-8 Curry White Body 50pc,no
5816_UOMPACK,BF-8 Curry White Body 50pc,no
5817_UOMCS8,BF-8 Curry Lid  50pc,no
5817_UOMPACK,BF-8 Curry Lid  50pc,no
5818_UOMCASE,Compostable Bowl BO-SC-U24 500pc,yes
5819_UOMCASE,Compostable Lid BOL-CS-24 300pc,yes
5820_UOMCS18,CPAP-213 Body Curry Cont. 50pc,no
5820_UOMCS24,ECO-350F CLEAR BOWL,no
5820_UOMCS8,COR-R20 Body Pk 8/50pc,yes
5820_UOMPK,COR-R20 Body Pk 8/50pc,yes
5822_UOMCS8,COR-R20 Lid 8/50pc,yes
5822_UOMPK,COR-R20 Lid 8/50pc,yes
5823_UOMCS12,COP-R15 Body PK 50pc,yes
5823_UOMPK,COP-R15 Body PK 50pc,yes
5824_UOMCS12,COP-R15 Lid PK 50pc,yes
5824_UOMPK,COP-R15 Lid PK 50pc,yes
5825_UOMCS18,CPAP-213 Curry Cont. Lid 50pc,no
5825_UOMCS24,ECO-350A BOWL TOP,no
5825_UOMPK,CPAP-213 Curry Cont. Lid 50pc,no
5827_UOMCS12,COP-18 Poke Bowl  Body Pk,yes
5827_UOMCS18,COP-18 (ECO-580) Body Pk,no
5827_UOMPK,COP-18 Poke Bowl  Body Pk,yes
5829_UOMCS12,COP-18 Poke Bowl  Lid  Pk,yes
5829_UOMCS18,COP-18 (ECO-580) Top Pk,no
5829_UOMPK,COP-18 Poke Bowl  Lid  Pk,yes
5830_UOMCS10,2 oz Cup  250pc/pk,yes
5830_UOMCS25,2 oz Cup  100pc/pk,yes
5830_UOMCS50,2 oz Cup,no
5830_UOMPK,2 oz Cup  250pc/pk,yes
5835_UOMCS20,2 oz Lid  125pc/pk,yes
5835_UOMCS25,2 oz Lid  100pc/pk,yes
5835_UOMCS50,2 oz Top,no
5835_UOMPK,2 oz Lid  125pc/pk,yes
5840_UOMCS40,Cup 90MB 4 oz  50pc,no
5840_UOMCS80,Cup 90MB 4 oz  50pc,yes
5840_UOMPK,Cup 90MB 4 oz  50pc,yes
5845_UOMCS40,Cup 90TC 4 oz Top 50 pc,no
5845_UOMCS80,Cup 90TC 4 oz Lid  50 pc,yes
5845_UOMPK,Cup 90TC 4 oz Lid  50 pc,yes
5850_UOMPK,1 oz Cup 250 pc,no
5855_UOMPK,1 oz Top 125 pcs,no
5860_UOMCS20,Demo Cup  20PK/CS,yes
5860_UOMPK,Demo Cup,yes
5889_UOMEACH,Sample Tray Dome,yes
5999_UOMEACH,Sampling Dome Kit,no
6105_UOMEACH,HK Baran. Pink,no
6110_UOMCS60,Baran Box 1000 pcs,yes
6110_UOMPK,Baran Box 1000 pcs,yes
6120_UOMCS32,Chopstick 100PR,yes
6120_UOMCS40,Chopstick 100PR,no
6120_UOMPK,Chopstick 100PR,yes
6121_UOMCS40,Wild Blue Chopstick 40pks,yes
6121_UOMPK,Wild Blue Chopstick 40pks,yes
6130_UOMCS40,Chopkstick Special 100,yes
6130_UOMPK,Chopkstick Special 100,yes
6132_UOMCS40,Disposable Chopstick (Hello Kitty) PK,no
6132_UOMPACK,Disposable Chopstick (Hello Kitty) PK,no
6133_UOMSET,Plastic Chopstick(Hello Kitty) 2 P. 1 R. 1 G. 1 B,yes
6140_UOMPK,Edamame  Sleeve White 100pc,yes
6150_UOMEACH,Veg. Dumpling Sleeve 100pc,no
6175_UOMEACH,Towel,yes
6200_UOMROLL,Thermo  B.R. Gradient,yes
6201_UOMROLL,White Mini Sticker,yes
6204_UOMCS24,Thermo Blue,no
6204_UOMROLL,Thermo Blue,no
6207_UOMCS16,Thermo Vertical Label (Hello Kitty),no
6207_UOMROLL,Thermo Vertical Label (Hello Kitty),no
6208_UOMCS16,Thermo Vertical Blue #3,yes
6208_UOMCS24,Thermo Vertical Blue #3,yes
6208_UOMROLL,Thermo Vertical Blue #3,yes
6209_UOMROLL,Thermo Brown Rice,no
6210_UOMCS16,Thermo Vertical Brown Rice #3,no
6210_UOMCS24,Thermo Vertical Brown Rice #3,no
6210_UOMROLL,Thermo Vertical Brown Rice #3,no
6212_UOMROLL,Thermo Bel Air,yes
6220_UOMCS,12024T Freshpak Bowl 300,yes
6220_UOMROLL,Thermo Brn R Rous,no
6221_UOMCS,Freshpak Bowl Lid 52032t 300pc,yes
6222_UOMCS16,Vertical Label Wild Blue,yes
6222_UOMCS20,Vertical Label Wild Blue,yes
6222_UOMROLL,Vertical Label Wild Blue,yes
6224_UOMROLL,Thermo Draegars,no
6228_UOMPK,THERMO F.MADISON MARKET,no
6232_UOMPK,THERMO GTE Blue Gradient,no
6236_UOMROLL,Thermo Holiday,no
6240_UOMROLL,Thermo Marsh,no
6244_UOMEACH,THERMO METROPOLITAN,no
6248_UOMROLL,Vertical  No Logo,yes
6252_UOMROLL,Thermo Nobhill,yes
6255_UOMROLL,Lab Vertical Marsh,no
6256_UOMROLL,Thermo Oishisa,yes
6258_UOMCS16,Vert. Robert Fresh Label,yes
6258_UOMROLL,Vert. Robert Fresh Label,yes
6260_UOMROLL,THERMO OLIVER'S MARKET,no
6261_UOMCS16,Lab. Vertical Nob Hill,yes
6261_UOMROLL,Lab. Vertical Nob Hill,yes
6262_UOMCS16,Lab. Vertical Raleys,yes
6262_UOMROLL,Lab. Vertical Raleys,yes
6263_UOMCS16,Lab. Vertical Bel Air,yes
6263_UOMROLL,Lab. Vertical Bel Air,yes
6264_UOMROLL,Thermo Olo,yes
6265_UOMROLL,Lab. Vertical Marsh,no
6266_UOMCS16,Lab. Vertical Olo,yes
6266_UOMROLL,Lab. Vertical Olo,yes
6267_UOMROLL,Lab Vertical Oishisa,yes
6268_UOMCS16,Lab. Vertical PRC Market 32,yes
6268_UOMROLL,Lab. Vertical PRC Market 32,yes
6269_UOMCS16,Lab. Vertical Draegers,yes
6269_UOMROLL,Lab. Vertical Draegers,yes
6270_UOMCS16,Lab Vertical Rouses,yes
6270_UOMROLL,Lab Vertical Rouses,yes
6271_UOMCS16,Lab. Vert. Metropolitan,yes
6271_UOMROLL,Lab. Vert. Metropolitan,yes
6272_UOMROLL,Thermo Rouses,no
6273_UOMCS16,Lab. Vertical Walgreen (Red Grad),yes
6273_UOMROLL,Lab. Vertical Walgreen (Red Grad),yes
6275_UOMCS16,Vert. Lake View Label,yes
6275_UOMROLL,Vert. Lake View Label,yes
6276_UOMROLL,Thermmo Walg Red Gradient,no
6280_UOMROLL,THERMO YAMATO,yes
6285_UOMCS16,Thermo Vertical Yamato,yes
6285_UOMROLL,Thermo Vertical Yamato,yes
6290_UOMCS16,Thermo Verti Yamato Brown,yes
6290_UOMROLL,Thermo Verti Yamato Brown,yes
6291_UOMCS16,Thermo Kosher Vert.Purple,yes
6291_UOMROLL,Thermo Kosher Vert.Purple,yes
6292_UOMCS16,Thermal Vertical Stonefish Label,yes
6292_UOMROLL,Thermal Vertical Stonefish Label,yes
6293_UOMROLL,Microwave Instructions AFC 40L Sticker,yes
6294_UOMROLL,PUBLIX $5 WEDNESDAY STICKER,yes
6295_UOMEACH,Sticker 3 Min. Microwave,yes
6296_UOMROLL,$5 Red Sticker,yes
6297_UOMEACH,$5 Barcode Sticker,yes
6298_UOMPK,SEABREEZE SALAD LABEL,no
6299_UOMROLL,$5  Red  Sticker,no
6300_UOMEACH,Convection Oven 1/4Sheet,no
6301_UOMROLL,$6 Red Sticker,yes
6302_UOMROLL,$9.99 Purple Sticker,yes
6303_UOMROLL,50 Cent Off W/card,yes
6304_UOMROLL,Warm Up Microwave Sticker,yes
6305_UOMROLL,Vert. Robert Fresh Label,no
6310_UOMROLL,Vert. Lake View Label,no
6350_UOMEACH,Bleach,no
6500_UOMROLL,Wild Blue Spicy Sauce Ribbon,yes
6501_UOMROLL,Wild Blue Pickled Ginger Ribbon,yes
6502_UOMROLL,Wild Blue Wasabi Ribbon,yes
6503_UOMROLL,Wild Blue Sushi Sauce Ribbon,yes
6601_UOMROLL,BOGO Sticker,yes
6603_UOMROLL,Date Gun Label,yes
6606_UOMROLL,"Date Gun Label ""Sell-By""",yes
6609_UOMROLL,"Clear ""New"" Sticker",yes
6612_UOMROLL,Clear Chef Special Sticker,yes
6615_UOMROLL,Clear Fully Cooked Sticker,yes
6618_UOMROLL,Clear Ginger Dressing Sticker,no
6621_UOMEACH,Clear Hot Garlic Sticker,yes
6624_UOMROLL,Clear Dumpling  Microwave Instruction Sticker 250 pcs,yes
6627_UOMROLL,Clear Spicy Sticker,yes
6629_UOMROLL,Chef Special Sticker Red 250,yes
6632_UOMROLL,Clear Sweet Chili Sauce Sticker,yes
6633_UOMROLL,Clear Vegatable Only Sticker,yes
6636_UOMROLL,P. Gari Label 250 Ribbon,yes
6639_UOMROLL,P Wasa Label 250 Ribon,yes
6642_UOMROLL,P Spicy Sauce L 250 Ribbon,yes
6645_UOMROLL,P Wasabi Oishisa 250,no
6648_UOMROLL,P Ginger Oishisa 250,no
6649_UOMROLL,P. Sushi Sauce  250. Clear,yes
6651_UOMROLL,Label Friedrice,yes
6654_UOMROLL,Label AM/PM,yes
6657_UOMPK,Classic Yummy Sauce Label,yes
6660_UOMROLL,Label Peanut SA,no
6663_UOMROLL,Label Organic Brn Rice,no
6666_UOMEACH,Brown Rice Sticker Clear,yes
6669_UOMEACH,Label. Spring Gard. Sheet,yes
6672_UOMROLL,Lab Sustain Sticker,yes
6673_UOMROLL,Gluten Free Sticker 250,yes
6675_UOMROLL,Prep Item Label 500,yes
6676_UOMROLL,Hot Bowl Sell By Stickers,yes
6677_UOMROLL,$2 Off Red Sticker,yes
6678_UOMROLL,$1 Off Sticker,yes
6679_UOMROLL,Weekly Special Sticker,no
6683_UOMROLL,"Sticker. Green ""Shrimp""",no
6684_UOMROLL,"Sticker. Green.  ""Vegetable""",no
6685_UOMROLL,Sticker. Grilled Chicken,no
6701_UOMROLL,Gluten Free Sticker 250,no
6705_UOMROLL,Chef Special Sticker Red 250,no
6709_UOMEACH,Chef Sp Mini Poster Small,no
6715_UOMPK,SEABREEZE SALAD LABEL,no
6900_UOMEACH,Super Freezer,no
6968_UOMEACH,Tablet. Aus. Label Machine,yes
6969_UOMEACH,Printer. Australia,yes
7006_UOMROLL,P Cari Label Cand,no
7007_UOMROLL,P Wasa Label Cand,no
7008_UOMROLL,P Spicy Sauce Can,no
7009_UOMROLL,P Gari Weg,no
7010_UOMROLL,P Wasabi Weg,no
7011_UOMROLL,Spy Sauce Label Weg,no
7012_UOMROLL,Vege Gyoza Bar Code,yes
7099_UOMPK,KARAAGE BATTER,no
7120_UOMROLL,Label Prem Tuna,no
7121_UOMROLL,Label Aramark,no
7127_UOMROLL,P. Eel Sauce 250. Clear,no
7131_UOMROLL,Label Blue Crab,no
7132_UOMROLL,P. Teriyaki 250,yes
7133_UOMROLL,Thermo Dierberg,no
7139_UOMROLL,New Nutri Broch,no
7143_UOMROLL,Lab Can Nut Fac,yes
7144_UOMROLL,P Spicy Oishisa L 200,no
7149_UOMROLL,P Label Avery,no
7150_UOMROLL,P LA Wasa Sauce,no
7151_UOMROLL,Label Swt Chili,yes
7156_UOMROLL,THERMO PF SUSHI,no
7158_UOMROLL,Lab Bar Code,yes
7161_UOMEACH,P LA Konomi 1000,no
7167_UOMROLL,Label Kowalski,no
7170_UOMEACH,P.LA GOMA RETAIL LABEL,no
7183_UOMROLL,Label Grill Gyoza,no
7190_UOMROLL,"Sticker. Green ""Shrimp""",no
7191_UOMROLL,"Sticker. Green.  ""Vegetable""",no
7195_UOMROLL,Sticker. Grilled Chicken,no
720_UOMEACH,LATE ORDER,no
7219_UOMSET,Attach Board Set,yes
7225_UOMROLL,THERMO SUSHI ICHI DIRECT,no
7226_UOMROLL,Thermo Fortino Brown,no
7227_UOMROLL,Thermo Fortino Blue,no
7228_UOMROLL,THERMO LABEL BIG Y 001,yes
7235_UOMROLL,Clear Wasabi Dressing Sticker,yes
7238_UOMROLL,Clear Brown Rice Sticker,no
7239_UOMROLL,Clear Chef Special Dressing Sticker,no
7242_UOMROLL,Clear Spicy Sauce Sticker,no
7243_UOMROLL,Clear Pickled Ginger Sticker,yes
7277_UOMROLL,Weekly Special Sticker,no
7303_UOMEACH,Label Heart Cake,no
7332_UOMPK,AOS Madison Label Thermo,no
7545_UOMCS,Retail Rice. Microwavable,no
7546_UOMBOT,Use 7545,no
7546_UOMCS12,Use 7545,no
8000_UOMEACH,Poster Frame Ikea,yes
8001_UOMEACH,"Poster ""Try Me""",yes
8002_UOMEACH,Blender,yes
8082_UOMBOT,Soup Base Tonkotsu Yama 10/cs,no
8082_UOMCS10,Soup Base Tonkotsu Yama 10/cs,no
8083_UOMBOT,Soup Base Miso Yamachan 12/cs,yes
8083_UOMCS12,Soup Base Miso Yamachan 12/cs,yes
8101_UOMCS,HOT BOWL NET,yes
8102_UOMEACH,Cleaning Pen,yes
8104_UOMEACH,Calendar Set,no
8106_UOMEACH,Katsuramaki Ki,no
8108_UOMEACH,Chochin (Lantern) Small,no
8110_UOMEACH,Demo Tablecloth,no
8112_UOMEACH,Scrub,yes
8114_UOMEACH,Brush,yes
8116_UOMEACH,Sanitizer,no
8118_UOMEACH,Spray Bottle,yes
8121_UOMEACH,Torch. Iwatani,yes
8122_UOMEACH,Makisu 27cm,yes
8124_UOMEACH,Makisu (S),yes
8126_UOMEACH,Plastic Makisu,no
8128_UOMEACH,Masterchef Knife,yes
8129_UOMEACH,Ladle 2oz,no
8130_UOMEACH,Sharp Storne-LG,yes
8131_UOMEACH,MEASURING TEASPOON,yes
8132_UOMEACH,Super Kirex,no
8134_UOMEACH,ladle 1oz,no
8137_UOMEACH,Ladle 8oz,no
8138_UOMEACH,Ladle 12oz,yes
8139_UOMEACH,Thermo Gun,no
8140_UOMEACH,Sushi Former,yes
8142_UOMEACH,Pail Lid Opener,yes
8144_UOMEACH,Tweezer,yes
8146_UOMEACH,Benriner,yes
8148_UOMEACH,Benriner Blade Only,yes
8149_UOMPK,Pastry Bag Lg,no
8150_UOMEACH,Peeler,yes
8153_UOMEACH,Jigger,no
8154_UOMEACH,Blue Sheet,yes
8155_UOMEACH,Green Mirroe Sheet,no
8156_UOMEACH,Sushi Mold (kata),no
8157_UOMEACH,Mirror Sheet W/R/Gold for Publix,no
8158_UOMCASE,Sunoko (Ivory) Special,no
8160_UOMCASE,Sunoko (MAT) IV,no
8162_UOMEACH,Buffer Solution,no
8162_UOMSET,Buffer Solution,yes
8164_UOMBAG,Rubber Band,no
8166_UOMEACH,Safety Glove. Med,yes
8168_UOMPK,P Glove Small 100,yes
8170_UOMPK,P Glove Medium 100,yes
8172_UOMPK,P Glove Large 100,yes
8174_UOMEACH,Paper Towel,yes
8176_UOMEACH,Seal Wrap 18,yes
8178_UOMPACK,Towel Disposable,yes
8180_UOMEACH,Wax Paper,yes
8182_UOMBOX,Absorbent Pad  1.000pc,yes
8183_UOMEACH,Nigiri Maker,no
8184_UOMEACH,Disposable Pastry Bag,yes
8186_UOMEACH,Pastry Bag Tip,yes
8188_UOMEACH,Log Book,yes
8190_UOMEACH,Binder Set,no
8192_UOMEACH,Ord sht Price L,no
8195_UOMEACH,Strainer,no
8205_UOMEACH,Water Base Frame,yes
8210_UOMEACH,Indoor Banner Cust. Service,no
8211_UOMEACH,A shape Panel,yes
8212_UOMEACH,HK Interior Banner,no
8215_UOMEACH,Custom Order Sticker,no
8220_UOMEACH,Shelf Liner Cust. Service,no
8225_UOMEACH,Shelf Liner 2 Liner Cust. Service,no
8304_UOMEACH,Rice Warmer,no
8306_UOMEACH,Water Base Attachment,yes
8308_UOMEACH,Water Base Frame Bundle Set,yes
8312_UOMEACH,Picture Frame  IKEA,no
8316_UOMEACH,A La Carte Sign,no
8320_UOMEACH,Sign Holder CLP,yes
8324_UOMEACH,Paper Clock,yes
8328_UOMEACH,Banner Tsunami,no
8332_UOMEACH,Banner No Logo,no
8335_UOMEACH,Static Cling,no
8336_UOMEACH,Poster (Large),no
8340_UOMEACH,Indoor Banner. Fully Cooked,no
8342_UOMEACH,Chef Sp Mini Poster Small,no
8344_UOMEACH,Poster Small,no
8345_UOMEACH,Ironman Sign & Frames,no
8346_UOMEACH,Poster  Placard Publix,yes
8348_UOMEACH,Indoor Banner Stand,no
8352_UOMEACH,Hybrid Program Set,no
8356_UOMEACH,Micfoil Balloon,no
8360_UOMEACH,Nutrition Charts. Laminated,yes
8361_UOMEACH,MDB Nutrition Chart,yes
8362_UOMSET,Amazon Color Menus 100,no
8364_UOMSET,New Color Menu 100,yes
8365_UOMEACH,MDB Color Menu 100,yes
8366_UOMEACH,Color Menu. Rouses 100 Sh,yes
8368_UOMEACH,SAMPLING TAGS,yes
8372_UOMEACH,STAR STICKER,no
8376_UOMSET,Price List,no
8380_UOMEACH,Rice Container Blue,no
8384_UOMEACH,Pull up Banner,no
8500_UOMEACH,Curry Kettle Warmer,no
8501_UOMEACH,Knife Sharpener,yes
8504_UOMEACH,Sesame Shaker,yes
8508_UOMEACH,To Go Soy Cont.,no
8512_UOMEACH,Yosenabe Pot,yes
8516_UOMEACH,Menu Holder,yes
8520_UOMEACH,Fish Container Body,yes
8524_UOMEACH,Fish Container Top,yes
8528_UOMEACH,Food Container (S) Body,yes
8532_UOMEACH,Food Cont (S) Lid,yes
8536_UOMEACH,Food Cont (L) BD,yes
8540_UOMEACH,Food Cont (L) LD,yes
8544_UOMEACH,Food Cont (XL) BD,yes
8548_UOMEACH,Food Cont (XL) LD,yes
8552_UOMEACH,S Rice Box Body,yes
8556_UOMEACH,S Rice Box Lid,yes
8560_UOMEACH,Rice Mix Box,yes
8564_UOMEACH,Rice Mix Box Lid,yes
8568_UOMEACH,Rice Bin,yes
8572_UOMEACH,Rice Scoop,yes
8576_UOMEACH,Rice Spatula,yes
8580_UOMEACH,Tong 12in,no
8584_UOMEACH,Measure Cup 1qt,yes
8588_UOMEACH,Sauce Bottle,yes
8600_UOMEACH,Bluetooth Adapter,no
8704_UOMEACH,Temp Recorder UTRIX-16,no
8705_UOMEACH,PH Tester,yes
8710_UOMEACH,PH Replacment Tip,yes
8712_UOMEACH,PH Tester Paper,yes
8714_UOMEACH,Tablet. Hot Spare,no
8715_UOMEACH,Label Machine,yes
8716_UOMEACH,Tablet Bundle 2 TRI,no
8717_UOMEACH,Tablets Bundle 1 TRI,no
8718_UOMEACH,Tablet Outer Case,no
8719_UOMEACH,Zebra Printer LP2824,no
8720_UOMEACH,Scanner,yes
8721_UOMEACH,Tablet Bundle 1 WTP,yes
8722_UOMEACH,Tablet Bundle 2 WTP,yes
8735_UOMEACH,Scan Sheet Single,no
8740_UOMEACH,Scan Sheet Hap Heart,no
8745_UOMEACH,Canarm Light,no
8746_UOMEACH,LED Light Flute,no
8750_UOMEACH,Thermometer  Digital,yes
8755_UOMEACH,Rice Cooker,yes
8760_UOMEACH,R Cook Inr. Pot,yes
8765_UOMEACH,Rice Cooker Top,yes
8770_UOMEACH,Digital Picture Frame,no
8775_UOMEACH,Date Gun,yes
8777_UOMEACH,Scales 20 lbs Digital,no
8780_UOMEACH,Steamer. Dumpling,yes
8902_UOMSET,HK Happi Coat & Hat,no
8904_UOMEACH,Chef Coat White Small,yes
8905_UOMEACH,Chef Coat White Medium,yes
8906_UOMEACH,Chef Coat White Lg,yes
8907_UOMEACH,Chef Coat White XL,yes
8910_UOMEACH,Chef Coat Black,yes
8911_UOMEACH,Chef Coat. Black.Coastal Pacific,yes
8915_UOMEACH,Chef Coat Harris-Teeter,yes
8920_UOMEACH,Chef Coat Metropolitan,yes
8920_UOMPK,Chef Coat Metropolitan,no
8925_UOMEACH,Chef Coat Red,yes
8930_UOMEACH,Chef Coat Yamato,yes
8930_UOMPK,Chef Coat Yamato,no
8931_UOMEACH,Wild Blue Chef Coat Sm,yes
8932_UOMEACH,Wild Blue Chef Coat Med,yes
8933_UOMEACH,Wild Blue Chef Coat Lrg,yes
8934_UOMEACH,Wild Blue Chef Coat XL,no
8935_UOMEACH,Happi Coat Red Giant Eagle,no
8940_UOMEACH,Chef Coat Rouses,yes
8943_UOMEACH,Chef Coat Green Small,yes
8944_UOMEACH,Chef Coat Green Medium,yes
8945_UOMEACH,Chef Coat Green Large,yes
8950_UOMEACH,Polo Shirts White,yes
8954_UOMEACH,Apron Black,yes
8958_UOMEACH,Hat Black (M),yes
8959_UOMEACH,HAT RED DEMO,yes
8962_UOMEACH,HOT FOOD BASEBALL CAP,yes
8966_UOMEACH,Name Badge,yes
9051_UOMEACH,Hat White S.M.L,yes
9055_UOMCS60,HK Bento Lunch Box 60PC/CS,no
9055_UOMEACH,HK Bento Lunch Box 60PC/CS,yes
9060_UOMCS,Plush Doll 30PC/CS(Hello Kitty),no
9061_UOMEACH,HK Plush Dolls Each,no
9065_UOMEACH,HK Circle Button Badge,no
9099_UOMEACH,Happi White (S),no
9100_UOMEACH,Happi White (M),no
9101_UOMEACH,Happi White (L),no
9102_UOMEACH,Happi White (XL),no
9103_UOMEACH,Happi Hat Whi S,no
9104_UOMEACH,Happi Apron Grn,no
9107_UOMEACH,Happi Hat (M),no
9108_UOMEACH,Happi Hat (L),no
9109_UOMEACH,Happi Blue SMLX,no
9110_UOMEACH,Happi Blue LG,no
9111_UOMEACH,Happi Blue SM,no
9112_UOMEACH,Happi Blue M,no
9113_UOMEACH,Happi Blue XLG,no
9114_UOMEACH,Happi Hat Blue,no
9117_UOMEACH,Happi Gold SML,no
9118_UOMEACH,Happi Gold M,no
9119_UOMEACH,Happi Gold LG,no
9120_UOMEACH,Navy Chef Jacket,no
9122_UOMEACH,Hat Black (S),yes
9124_UOMEACH,Hat Black (L),yes
9125_UOMEACH,Happi Gold XSML,no
9126_UOMEACH,Hapi Oishisa SM,no
9127_UOMEACH,Hapi Oishisa M,no
9128_UOMEACH,Hapi Oishisa L,no
9129_UOMEACH,Hapi Oishisa XL,no
9130_UOMEACH,Hapi Wegman SM,no
9131_UOMEACH,Hapi Wegman M,no
9132_UOMEACH,Hapi Wegman L,no
9133_UOMEACH,Hapi Wegman XL,no
9135_UOMEACH,Happi HT M,no
9136_UOMEACH,Happi HT L,no
9137_UOMEACH,Hat HT M,no
9138_UOMEACH,Hat HT L,no
9139_UOMEACH,Happi HT SM,no
9140_UOMEACH,Happi HT XLG,no
9150_UOMEACH,CHEF COAT UNITED,yes
9151_UOMEACH,Sweatshirt. Blk,no
9152_UOMEACH,HAT RED DEMO,no
9154_UOMEACH,Ninja Apron,no
9159_UOMEACH,Chef Coat Green Small,no
9161_UOMEACH,Chef Coat Green Medium,no
9165_UOMEACH,Chef Coat Weg,no
9166_UOMEACH,Chef Coat Marsh Black,no
9171_UOMPK,Chef Coat Fortinos,no
9199_UOMEACH,Shelf Molding,no
9200_UOMEACH,Menu Grill Bar,no
9222_UOMEACH,Cap. Steam Table,no
9223_UOMEACH,Apron Steam Table,no
9224_UOMEACH,T-Shirt. Black Steam Table,yes
9225_UOMEACH,T-Shirt. Green,no
9252_UOMEACH,Rice Cooker/Warmer 20 cup,no
9399_UOMEACH,Chopstick Color,no
9400_UOMEACH,USB Picture Drive,no
9440_UOMCS,944 HC Comp Tray,no
9500_UOMCS,Miso Soup Base,no
9799_UOMEACH,Sushi Robot SVR-NYA,no
98_UOMEACH,2oz Cup & Lid Set,yes
9802_UOMEACH,Scanner Cable,no
9803_UOMEACH,SCA Pow Supply,no
9804_UOMEACH,PRI Power Supply,no
9898_UOMEACH,Aluminum Mat. Hot FD,no
9899_UOMEACH,Fake Ice Disp Set,no
9900_UOMEACH,U-Boat Utility Cart,no
9901_UOMEACH,Demo Table. Origami,no
9902_UOMEACH,Retractable Banner GO,no
9913_UOMEACH,Price Menu 200,no
9916_UOMSET,Promotion Poster. Sticker 191167,no
9940_UOMCS,JFC Sushi Tray 0.8 (AFC235)  Set Case,no
9941_UOMCS,JFC Sushi Tray 1.0 (AFC-4) Set Case,yes
9942_UOMCS,JFC Sushi Tray 1.5 (AFC-5) Set Case,yes
9943_UOMCS,JFC Sushi Tray 2.0 (AFC-30) Set Cs,yes
9944_UOMCS,JFC Sushi TraySF27 (AFC-20) Set Cs,yes
9950_UOMEACH,STC Item Tags  190959,no
9951_UOMEACH,Item Tag Holder,no
9952_UOMEACH,Waterbase graphic. Poster 192497,no
9953_UOMEACH,QFC Mini Poster 194735,no
9954_UOMEACH,Spam Musubi Poster 194734,no
9955_UOMEACH,Water Base Frame e and Poster  SET,no
9956_UOMEACH,$1 Off sticker 194422,no
9957_UOMEACH,Holiday Promo Poster 192783,no
9958_UOMEACH,Holiday Promo Poster. 192829,no
9959_UOMEACH,Clear Static Cling 190822,no
9960_UOMEACH,Item Tag. Nut. Chart 187543,no
9987_UOMEACH,UPC Scan Book Full Set,no
9992_UOMBOX,Disposable Face Mask 50pcs/box,yes
9993_UOMPK,Hair Net for Kitchen,yes
9994_UOMEACH,Sanitizer for Kitchen,yes
9995_UOMEACH,World Trade Inv.,yes
9997_UOMEACH,SHIPPING & HANDLING 191373,no
9998_UOMEACH,Drop Non Taxable Item,no
9999_UOMEACH,Chef Mart Inv.,no
X2406_UOMCS20,Shrimp Tray 30P,no
X2406_UOMTRAY,Shrimp Tray 30P,no
X3665_UOMCASE,CT 04 600 pcs,no
X8136_UOMEACH,Thermometer,no
X8137_UOMEACH,Ladle 8oz,no
XX3289_UOMCS15,Fried Onion. Top,no
XX3289_UOMEACH,Fried Onion. Top,no
Z1219_UOMTRAY,Uzushio Squid Tray,no
Z3087_UOMPK,DB-10 Top 50 pcs,no
Z3089_UOMPK,DB-10 R&B Body pk,no
Z3099_UOMPK,BF-10 Bento Set 50 pcs,no
Z4180_UOMPK,MB-430 Bowl Body,no
Z4182_UOMPK,MB-129 Bowl Top 50,no
Z5271_UOMPK,DB-101 Lid & Bowl,no
Z5283_UOMEACH,Lantern (Large),no
Z5289_UOMEACH,Lantern (Medium),no
Z5300_UOMCASE,24 oz Cup 500 pcs,no
Z5302_UOMCASE,16 oz Noodle Set,no
Z5333_UOMCS,16 oz Solo Miso Cup,no
Z5381_UOMPK,4 oz Cup 125 pcs,no
Z5385_UOMPK,4 oz Top 125 pcs,no
Z5401_UOMPK,2 oz Cup 125 pcs,no
Z5405_UOMPK,2 oz Top 100 pcs,no
Z5498_UOMCASE,Microwave Cup 1000,no
Z5499_UOMCASE,Microwave Top 1000,no
Z6630_UOMEACH,Digital Scale 11 lbs,no
Z6681_UOMEACH,PRE PRINT LABEL,no
Z7002_UOMROLL,Label No Raw,no
Z7104_UOMROLL,Label Caution Hot,no
Z7114_UOMROLL,P LA Frozen Dumpling,no
Z7122_UOMROLL,Thermo Brn R Weg,no
Z7126_UOMROLL,Thermo Weg Tsc,no
ZC0702_UOMEACH,COVER FD PAN 0.5 FLIP,no
ZC4797_UOMEACH,ADAPTET PLATE 2 SLOT,no
ZC7494_UOMEACH,YOSENABE STAINL 9.5IN,no
ZC8781_UOMEACH,Chef Coat Black Small,no
ZC8782_UOMEACH,Chef Coat Black Medium,no
ZC9999_UOMEACH,Chef Mart Inv.,no
